the_geom,cartodb_id,code_rpa,description_rep,latitude,longitude
0101000020E610000096ED43DE726952C08849B89047C04640,55,RD-TT,Réel,45.502184,-73.647636
0101000020E6100000E8F692C6686252C0FD86890629CC4640,1,RD-TT,Réel,45.595002,-73.537645
0101000020E6100000CC0C1B65FD6252C00A664CC11AC54640,2,RD-TT,Enlevé,45.539879,-73.546716
0101000020E6100000B439CE6DC26552C04436902E36BB4640,3,RD-TT,Réel,45.462591,-73.589992
0101000020E61000004C88B9A46A6252C0DE3994A12ACC4640,4,RD-TT,Archive,45.595051,-73.537759
0101000020E61000009087BEBB956A52C0B6494563EDC74640,5,RD-TT,Réel,45.561932,-73.665389
0101000020E61000006FD39FFD486152C0EDF5EE8FF7CC4640,6,RD-TT,Réel,45.601305,-73.52008
0101000020E6100000BF4692205C6752C0E60297C79ABB4640,7,RD-TT,Réel,45.465661,-73.614998
0101000020E6100000278925E5EE6452C008CA6DFB1EBD4640,8,RD-TT,Réel,45.477508,-73.577081
0101000020E6100000B3EE1F0BD16352C08CBE823463C14640,9,RD-TT,Réel,45.51084,-73.559634
0101000020E6100000A5F622DA8E6952C04B21904B1CC94640,10,RD-TT,Enlevé,45.571176,-73.649344
0101000020E61000000B43E4F4F56452C05CAFE94141D34640,11,RD-TT,Réel,45.650429,-73.577512
0101000020E6100000D9B11188D76752C0A2D11DC4CEC64640,12,RD-TT,Réel,45.553185,-73.62253
0101000020E6100000DCD78173466552C0A52E19C748C64640,13,RD-TT,Réel,45.549096,-73.582425
0101000020E6100000698CD651D56652C08194D8B5BDC94640,68,RD-TT,Réel,45.576102,-73.60677
0101000020E610000011C30E63D26752C06BD5AE0969BF4640,14,RD-TT,Réel,45.495393,-73.622216
0101000020E6100000E466B8019F6D52C0A0C552245FC34640,15,RD-TT,Enlevé,45.526341,-73.71283
0101000020E61000004FAC53E57B6852C093399677D5BF4640,16,RD-TT,Enlevé,45.498702,-73.632562
0101000020E6100000EDF318E5996352C06E313F3734BD4640,17,RD-TT,Réel,45.478156,-73.556268
0101000020E6100000BC581822A76452C00F289B7285C34640,18,RD-TT,Réel,45.52751,-73.572701
0101000020E61000004F3FA88B146252C0BD8A8C0E48CE4640,19,RD-TT,Réel,45.611574,-73.532504
0101000020E61000003E25E7C41E6552C041295AB917C64640,20,RD-TT,Réel,45.547599,-73.580003
0101000020E61000002481069B3A6952C072E0D57267C44640,21,RD-TT,Réel,45.534407,-73.644202
0101000020E61000003B014D840D6152C0861DC6A4BFCD4640,22,RD-TT,Réel,45.607411,-73.51645
0101000020E610000043E73576896952C09C31CC09DABE4640,23,RD-TT,Réel,45.491029,-73.649015
0101000020E61000005CCAF962EF6452C050AA7D3A1EBD4640,24,RD-TT,Réel,45.477485,-73.577111
0101000020E610000084D558C2DA6452C08672A25D85C64640,25,RD-TT,Réel,45.550945,-73.575852
0101000020E61000001F49490F436452C036E50AEF72BD4640,26,RD-TT,Réel,45.48007,-73.566593
0101000020E6100000973B33C1706752C0BDA94885B1BB4640,27,RD-TT,Réel,45.466355,-73.616257
0101000020E61000006A847EA65E5F52C089EC832C0BD24640,28,RD-TT,Réel,45.640966,-73.490152
0101000020E610000030B8E68EFE6552C01327F73B14C34640,29,RD-TT,Réel,45.524055,-73.593662
0101000020E6100000FA9AE5B2D16252C070ED444948C64640,30,RD-TT,Réel,45.549081,-73.544049
0101000020E6100000DFFDF15EB56652C06C0723F609BC4640,31,RD-TT,Réel,45.469054,-73.60482
0101000020E6100000658D7A88466552C08C2D043928C34640,32,RD-TT,Archive,45.524665,-73.58243
0101000020E61000007F6B274A426A52C01FF5D72B2CC04640,33,RD-TT,Réel,45.501348,-73.660296
0101000020E6100000D6FF39CC976852C08388D4B48BBF4640,34,RD-TT,Réel,45.496451,-73.634265
0101000020E61000001E51A1BAB96552C0F6D1A92B9FD14640,35,RD-TT,Réel,45.63767,-73.589461
0101000020E61000008CDAFD2AC06952C00113B87537C74640,36,RD-TT,Réel,45.55638,-73.652354
0101000020E6100000AE2EA704C46752C07F8461C092BF4640,37,RD-TT,Réel,45.496666,-73.621339
0101000020E61000007D410B09186252C009FCE1E7BFC74640,38,RD-TT,Réel,45.560544,-73.532717
0101000020E6100000F60B76C3B66352C062A1D634EFC44640,39,RD-TT,Réel,45.53855,-73.55803
0101000020E610000004392861A66452C039EFFFE384C34640,40,RD-TT,Réel,45.527493,-73.572655
0101000020E6100000BA32A836386052C09E978A8D79D54640,41,RD-TT,Réel,45.667772,-73.503431
0101000020E610000052F17F47546452C041800C1D3BBE4640,42,RD-TT,Enlevé,45.486179,-73.567644
0101000020E61000000B9C6C03776552C08255F5F23BBB4640,43,RD-TT,Réel,45.462767,-73.585389
0101000020E610000013D6C6D8096452C04A6249B9FBBC4640,44,RD-TT,Réel,45.476432,-73.563101
0101000020E6100000917F66101F6052C018080264E8D44640,45,RD-TT,Réel,45.663342,-73.501896
0101000020E6100000BC0512143F6752C0BA13ECBFCEBB4640,46,RD-TT,Réel,45.467247,-73.613225
0101000020E6100000FCE07CEA586452C0BB287AE063C24640,47,RD-TT,Réel,45.518673,-73.567927
0101000020E6100000CD1E6805866452C0D047197101C04640,48,RD-TT,Réel,45.500044,-73.57068
0101000020E61000008EC87729756352C0EC4E779E78C44640,49,RD-TT,Réel,45.534931,-73.554026
0101000020E610000036B1C057746352C0469A780778C44640,50,RD-TT,Réel,45.534913,-73.553976
0101000020E61000009F3BC1FEEB6852C05C035B2558C04640,51,RD-TT,Réel,45.50269,-73.639404
0101000020E610000006BAF605F46052C0410C74ED0BCC4640,52,RD-TT,Réel,45.594114,-73.514894
0101000020E61000002A73F38DE86052C011346612F5CC4640,53,RD-TT,Réel,45.601229,-73.514194
0101000020E61000006D8FDE701F6252C0D1EAE40CC5C74640,54,RD-TT,Réel,45.560701,-73.533169
0101000020E6100000917D9065C16552C01B62BCE655C54640,56,RD-TT,Réel,45.541684,-73.589929
0101000020E610000017D522A2986252C0FD31AD4D63CB4640,57,RD-TT,Réel,45.588968,-73.540566
0101000020E6100000F609A018596152C07EE02A4F20CC4640,58,RD-TT,Réel,45.594736,-73.521063
0101000020E6100000295E656D536652C0C075C58CF0C64640,59,RD-TT,Réel,45.554216,-73.598842
0101000020E61000005C1E6B46066652C0CDAD105663C34640,60,RD-TT,Réel,45.526469,-73.594133
0101000020E61000004FB16A10E66352C0A359D93EE4BD4640,61,RD-TT,Réel,45.483528,-73.560917
0101000020E61000005F251FBB0B6552C049641F6459C84640,62,RD-TT,Réel,45.565228,-73.578841
0101000020E61000000BB8E7F9D36552C059A65F22DEBC4640,63,RD-TT,Réel,45.475529,-73.591063
0101000020E61000009FE74F1BD56552C0E275FD82DDBC4640,64,RD-TT,Réel,45.47551,-73.591132
0101000020E610000048F8DEDFA06752C068CF656A12C44640,65,RD-TT,Réel,45.531812,-73.619194
0101000020E6100000815EB873616152C07FA65EB708CC4640,66,RD-TT,Réel,45.594016,-73.521573
0101000020E610000091B41B7DCC6052C0F67B629D2ACD4640,67,RD-TT,Réel,45.602863,-73.512481
0101000020E6100000524832AB776252C0738236397CC64640,69,RD-TT,Réel,45.550666,-73.538554
0101000020E61000006AA4A5F2766252C0B9FAB1497EC64640,70,RD-TT,Réel,45.550729,-73.53851
0101000020E6100000C38366D7BD6352C082C476F700BD4640,71,RD-TT,Réel,45.476592,-73.558462
0101000020E610000086C77E164B6652C0693524EEB1D04640,72,RD-TT,Réel,45.63043,-73.598333
0101000020E6100000224F92AE996752C016BF29AC54CA4640,73,RD-TT,Réel,45.580709,-73.618755
0101000020E6100000F94A2025766352C07619FED30DC04640,74,RD-TT,Réel,45.500422,-73.554086
0101000020E61000006F641EF9836452C089CF9D60FFBF4640,75,RD-TT,Réel,45.499981,-73.570555
0101000020E610000011514CDE006652C030F31DFCC4BB4640,76,RD-TT,En conception,45.466949,-73.593803
0101000020E610000049DBF813956552C0821DFF0582D04640,77,RD-TT,Réel,45.628968,-73.587224
0101000020E6100000D3F4D901D76552C08481E7DEC3C54640,78,RD-TT,Réel,45.54504,-73.591248
0101000020E610000098C28366D76552C0484F9143C4C54640,79,RD-TT,Réel,45.545052,-73.591272
0101000020E61000001555BFD2F96252C0F4FC69A33AC94640,80,RD-TT,Réel,45.572102,-73.546498
0101000020E61000000283A44FAB6252C0431D56B8E5C94640,81,RD-TT,Réel,45.577323,-73.541706
0101000020E6100000CBD93BA3AD6252C084D89942E7C94640,82,RD-TT,Réel,45.57737,-73.541848
0101000020E61000004ED2FC31AD6752C0505260014CC54640,83,RD-TT,Réel,45.541382,-73.619946
0101000020E6100000F65FE7A6CD6752C0C2A1B77878C54640,84,RD-TT,Réel,45.542739,-73.621927
0101000020E6100000541A31B3CF6352C0637C98BD6CBD4640,85,RD-TT,Réel,45.479881,-73.559552
0101000020E6100000D9B27C5D866652C06CCEC133A1C54640,86,RD-TT,Réel,45.543982,-73.601951
0101000020E6100000F4DDAD2CD16652C026016A6AD9C24640,87,RD-TT,Réel,45.52226,-73.606517
0101000020E6100000BADBF5D2146652C0357BA01518BA4640,88,RD-TT,Réel,45.45386,-73.595021
0101000020E6100000460C3B8C496952C0B70BCD751AC94640,89,RD-TT,Réel,45.57112,-73.645114
0101000020E610000049658A39086752C03AAFB14B54C54640,90,RD-TT,Réel,45.541635,-73.609877
0101000020E61000005F5D15A8C56452C04C8BFA2477BE4640,91,RD-TT,Réel,45.488011,-73.574564
0101000020E6100000C98FF8156B6352C0412C9B3924C34640,92,RD-TT,Réel,45.524543,-73.553411
0101000020E6100000E1B37570B06052C01A88653387D44640,93,RD-TT,Réel,45.660376,-73.510769
0101000020E61000000EBF9B6ED96252C0AC90F2936AC74640,94,RD-TT,Enlevé,45.55794,-73.544521
0101000020E61000005038BBB54C6652C0D120054F21B94640,95,RD-TT,Réel,45.446329,-73.598432
0101000020E610000055FA0967B76552C090A2CEDC43C64640,96,RD-TT,Réel,45.548946,-73.589319
0101000020E61000007FA0DCB6EF6852C0C0CDE2C5C2C44640,97,RD-TT,Réel,45.537194,-73.639631
0101000020E61000000B24287E8C6552C01F69705B5BC44640,98,RD-TT,Réel,45.534038,-73.5867
0101000020E6100000139A2496946652C04FCDE50643C94640,99,RD-TT,Réel,45.572358,-73.602819
0101000020E610000062BD512B4C6452C06A32E36DA5BD4640,100,RD-TT,Réel,45.481611,-73.567149
0101000020E61000006F641EF9836552C0CDE49B6D6EC64640,101,RD-TT,Réel,45.550245,-73.58618
0101000020E610000029EACC3D246752C095D39E9273C44640,102,RD-TT,Réel,45.534777,-73.611587
0101000020E6100000FB5B02F04F6152C0C70DBF9B6ECD4640,103,RD-TT,Réel,45.604938,-73.520504
0101000020E6100000BBF2599E076952C040F7E5CC76BF4640,104,RD-TT,Enlevé,45.495813,-73.64109
0101000020E61000007FA0DCB6EF6352C0306475ABE7C64640,105,RD-TT,Réel,45.553945,-73.561506
0101000020E6100000AFCC5B751D6152C06231EA5A7BCD4640,106,RD-TT,Réel,45.605327,-73.517423
0101000020E6100000B2F2CB608C6852C0876A4AB20EBF4640,107,RD-TT,Réel,45.492636,-73.633568
0101000020E6100000E0BA6246786852C0B1A4DC7D8EC34640,108,RD-TT,Réel,45.527786,-73.632341
0101000020E610000063B323D5776452C0CCED5EEE93BF4640,109,RD-TT,Enlevé,45.496702,-73.569814
0101000020E61000001C98DC28B26452C01711C5E40DBE4640,110,RD-TT,Réel,45.484799,-73.573374
0101000020E610000030A182C30B6452C015713AC956BF4640,111,RD-TT,Réel,45.494836,-73.563218
0101000020E6100000904B1C79206952C08B33863941BF4640,112,RD-TT,Réel,45.494178,-73.642607
0101000020E610000074F04C68926852C0B41EBE4C14BF4640,113,RD-TT,Réel,45.492807,-73.633936
0101000020E6100000787C7BD7A06752C07F677BF486BF4640,114,RD-TT,Réel,45.496306,-73.619192
0101000020E61000007C0A80F10C6452C04BAC8C463EC74640,115,RD-TT,Réel,45.556588,-73.56329
0101000020E61000008FE21C75746752C01D3EE94482C74640,116,RD-TT,Réel,45.558663,-73.616483
0101000020E6100000C4B0C398F46052C06C0723F609CC4640,117,RD-TT,Réel,45.594054,-73.514929
0101000020E61000004A9869FB576652C0BCCE86FC33C34640,118,RD-TT,Réel,45.525024,-73.59912
0101000020E610000026361FD7866352C06308008E3DC34640,119,RD-TT,Réel,45.525316,-73.555105
0101000020E610000096E99788B76352C030B95164ADC14640,120,RD-TT,Réel,45.513104,-73.558077
0101000020E6100000BC5983F7556552C03FE3C28190C24640,121,RD-TT,Réel,45.520035,-73.583372
0101000020E61000009DF529C7646152C0B39602D2FECB4640,122,RD-TT,Réel,45.593714,-73.521776
0101000020E61000008D463EAF786252C09ECF807A33CC4640,123,RD-TT,Réel,45.595321,-73.538616
0101000020E610000037FE4465C36652C0E3C281902CC64640,124,RD-TT,Réel,45.548235,-73.605676
0101000020E610000010E6762FF76452C01CD3139678C24640,125,RD-TT,Réel,45.519305,-73.577587
0101000020E6100000A60D87A5816452C0E2B034F0A3C24640,126,RD-TT,Réel,45.520628,-73.570413
0101000020E610000027F6D03E566152C08065A54929CC4640,127,RD-TT,Réel,45.59501,-73.520889
0101000020E6100000BC7669C3616152C0DFE2E13D07CC4640,128,RD-TT,Réel,45.593971,-73.521592
0101000020E6100000E75608ABB16752C0A48D23D6E2C54640,129,RD-TT,Réel,45.545985,-73.620219
0101000020E6100000BD8DCD8E546452C047718E3A3ABE4640,130,RD-TT,Réel,45.486152,-73.567661
0101000020E61000002CBCCB457C6452C06B9C4D4700BD4640,131,RD-TT,Enlevé,45.476571,-73.570085
0101000020E61000007B6AF5D5556452C0A1BC8FA339BE4640,132,RD-TT,Réel,45.486134,-73.567739
0101000020E61000005CE509849D6752C08202EFE4D3BF4640,133,RD-TT,Réel,45.498654,-73.618989
0101000020E61000007769C361696552C054C72AA567C84640,134,RD-TT,Réel,45.565663,-73.584557
0101000020E6100000672B2FF99F6752C0C6DFF60489BF4640,135,RD-TT,Réel,45.496369,-73.619139
0101000020E6100000B265F9BA0C6752C0583849F3C7C44640,136,RD-TT,Réel,45.537352,-73.610152
0101000020E61000005C8FC2F5286252C0EEEE01BA2FC94640,137,RD-TT,Réel,45.571769,-73.53375
0101000020E6100000B9A81611C56752C0334FAE2990BF4640,138,RD-TT,Réel,45.496587,-73.621403
0101000020E6100000CEC5DFF6046552C05378D0ECBABD4640,139,RD-TT,Réel,45.482267,-73.578428
0101000020E61000006CEEE87FB96752C0FB7953910AC94640,140,RD-TT,Enlevé,45.570635,-73.620697
0101000020E6100000B1A888D3496152C000C974E8F4CC4640,141,RD-TT,Réel,45.601224,-73.520131
0101000020E61000009E40D829566652C05E85949F54C54640,142,RD-TT,En conception,45.541645,-73.599009
0101000020E6100000F59ECA694F6752C0994528B682C44640,143,RD-TT,Réel,45.535239,-73.614222
0101000020E6100000DA722EC5556152C07383A10E2BCC4640,144,RD-TT,Réel,45.595064,-73.52086
0101000020E61000004F7974232C6252C0D5B14AE999C64640,145,RD-TT,Réel,45.551572,-73.533944
0101000020E6100000C9AF1F62836B52C063601DC70FC34640,146,RD-TT,En conception,45.523919,-73.679894
0101000020E6100000B7F0BC546C6752C0795BE9B5D9C24640,147,RD-TT,Réel,45.522269,-73.615987
0101000020E610000018CDCAF6216552C0DC9DB5DB2EC64640,148,RD-TT,Enlevé,45.548305,-73.580198
0101000020E610000067994528B66652C01A1538D906C64640,149,RD-TT,Réel,45.547084,-73.604868
0101000020E6100000F0E0270EA06752C02123A0C211C44640,150,RD-TT,Réel,45.531792,-73.619144
0101000020E6100000874F3A91606452C02D78D15790BE4640,151,RD-TT,Réel,45.48878,-73.568394
0101000020E610000037C64E78096252C03C6876DD5BCD4640,152,RD-TT,Enlevé,45.604366,-73.531828
0101000020E61000003C86C77E166652C076AA7CCF48D04640,153,RD-TT,Réel,45.627222,-73.595123
0101000020E61000000CAD4ECE506752C08942CBBA7FC44640,154,RD-TT,Archive,45.535148,-73.614307
0101000020E61000007B6AF5D5556652C0AB22DC6454C54640,155,RD-TT,En conception,45.541638,-73.598989
0101000020E61000009B3A8F8AFF6152C0CDAFE600C1C64640,156,RD-TT,Réel,45.552765,-73.531222
0101000020E6100000B5DC9909866652C05A63D009A1C54640,157,RD-TT,Réel,45.543977,-73.601931
0101000020E610000071581AF8516652C039F06AB933C34640,158,RD-TT,Réel,45.525016,-73.598753
0101000020E6100000AC5626FC526452C0A019C40776C44640,159,RD-TT,Réel,45.534852,-73.567565
0101000020E61000002C2CB81FF06352C083BEF4F6E7C64640,160,RD-TT,Réel,45.553954,-73.561531
0101000020E6100000D5CBEF34996352C0C6E061DA37BD4640,161,RD-TT,Réel,45.478267,-73.556226
0101000020E610000070067FBF986852C0CE380D5185C74640,162,RD-TT,Réel,45.558756,-73.634323
0101000020E61000001E87C1FC156752C0263ACB2C42C74640,163,RD-TT,Réel,45.556707,-73.610717
0101000020E61000005264ADA1D46852C0658D7A8846C94640,164,RD-TT,Réel,45.572465,-73.637978
0101000020E610000008556AF6406652C0BF0D315EF3BA4640,165,RD-TT,Enlevé,45.460552,-73.597715
0101000020E610000086AE44A0FA6552C02E3BC43F6CC54640,166,RD-TT,Réel,45.542366,-73.593422
0101000020E6100000749A05DA1D6152C051FA42C879CD4640,167,RD-TT,Archive,45.605279,-73.517447
0101000020E61000006F2A52616C6352C0DBF97E6ABCC64640,168,RD-TT,Réel,45.552625,-73.55349
0101000020E61000007E1EA33CF36352C0C020E9D32AC64640,169,RD-TT,Réel,45.548182,-73.561721
0101000020E6100000BDAB1E300F6452C0111D024702C34640,170,RD-TT,Réel,45.523507,-73.563427
0101000020E6100000B1FA230C036652C051888043A8C24640,171,RD-TT,Réel,45.52076,-73.593936
0101000020E61000008ECD8E54DF6452C00F0EF62686BE4640,172,RD-TT,Réel,45.488469,-73.576131
0101000020E6100000EE2422FC8B6352C0A5164A26A7C04640,173,RD-TT,Réel,45.505101,-73.555419
0101000020E6100000B03A72A4336652C0D3838252B4C44640,174,RD-TT,Réel,45.536753,-73.596902
0101000020E6100000DC4AAFCDC66252C0B75ED38382C64640,175,RD-TT,Réel,45.550858,-73.543384
0101000020E6100000E1ECD632196B52C035423F53AFC34640,176,RD-TT,Réel,45.528788,-73.673413
0101000020E61000003A3FC571E06652C0D65240DAFFC64640,177,RD-TT,Réel,45.554683,-73.607449
0101000020E61000002AE620E8686252C091D0967329CC4640,178,RD-TT,Archive,45.595015,-73.537653
0101000020E61000002D25CB49286252C0A453573ECBC74640,179,RD-TT,Réel,45.56089,-73.533709
0101000020E6100000AB984A3FE16452C07B13437232C74640,180,RD-TT,Réel,45.556227,-73.576248
0101000020E610000063EE5A423E6752C0145FED28CEBB4640,181,RD-TT,Réel,45.467229,-73.613175
0101000020E61000000CC85EEFFE6652C07F33315D88C54640,182,RD-TT,Enlevé,45.543224,-73.60931
0101000020E610000043739D465A6852C02FC03E3A75BB4640,183,RD-TT,Réel,45.464515,-73.63051
0101000020E6100000C03E3A75E56752C00ADCBA9BA7C64640,184,RD-TT,Réel,45.55199,-73.62338
0101000020E6100000207BBDFBE36352C07AAA436E86C34640,185,RD-TT,Réel,45.52754,-73.56079
0101000020E610000039D1AE42CA6452C040BE840A0EC34640,186,RD-TT,Réel,45.523866,-73.574845
0101000020E610000007D3307C446452C01343723271BD4640,187,RD-TT,Réel,45.480017,-73.56668
0101000020E6100000DDED7A698A6452C0155454FD4AC74640,188,RD-TT,Réel,45.556976,-73.570948
0101000020E6100000ADDC0BCC0A6452C08FA50F5D50BD4640,189,RD-TT,Réel,45.479015,-73.563159
0101000020E610000064027E8D246552C0077AA86DC3C44640,190,RD-TT,Enlevé,45.537214,-73.580356
0101000020E6100000BDC3EDD0B06652C091EEE714E4C54640,191,RD-TT,Enlevé,45.546023,-73.604542
0101000020E6100000D3DC0A61356352C0A393A5D6FBC14640,192,RD-TT,Réel,45.515498,-73.550133
0101000020E610000044A4A65D4C6652C05AA148F773C44640,193,RD-TT,Réel,45.534789,-73.598411
0101000020E6100000DD990986736252C0BEF90D130DC64640,194,RD-TT,Réel,45.547274,-73.538301
0101000020E610000022C32ADEC86652C0382EE3A606C44640,195,RD-TT,Réel,45.531453,-73.60601
0101000020E61000000ABB287AE06452C020459DB987BE4640,196,RD-TT,Réel,45.488517,-73.576201
0101000020E61000006551D845D16752C016139B8F6BBF4640,197,RD-TT,Réel,45.49547,-73.622148
0101000020E61000004CC2853C826552C0E9F17B9BFEBA4640,198,RD-TT,Enlevé,45.460895,-73.586074
0101000020E61000005BCEA5B8AA6552C05247C7D5C8C24640,199,RD-TT,Réel,45.521754,-73.588545
0101000020E610000044C02154A96852C0BA66F2CD36C54640,200,RD-TT,Réel,45.540735,-73.635335
0101000020E61000006612F5824F5F52C043E38920CED14640,201,RD-TT,Réel,45.639103,-73.489228
0101000020E610000047C66AF3FF6752C055A69883A0BD4640,202,RD-TT,Réel,45.481461,-73.624997
0101000020E610000094A30051306252C0ACC95356D3C74640,203,RD-TT,Réel,45.561137,-73.534199
0101000020E610000082E7DEC3256652C081221631ECBA4640,204,RD-TT,Réel,45.460333,-73.596055
0101000020E61000003BC61517476452C0BE2EC37FBAC94640,205,RD-TT,Réel,45.576004,-73.566839
0101000020E6100000D02A33A5F56752C0740B5D8940BF4640,206,RD-TT,Réel,45.494157,-73.624368
0101000020E6100000D597A59D9A6252C08D800A4790C64640,207,RD-TT,Réel,45.551278,-73.540687
0101000020E61000006403E962D36652C0A0E1CD1ABCC94640,208,RD-TT,Réel,45.576053,-73.606652
0101000020E61000002A58E36C3A6552C058A835CD3BC44640,209,RD-TT,Réel,45.533075,-73.581691
0101000020E6100000601DC70F956252C0F8A8BF5E61CB4640,210,RD-TT,Réel,45.588909,-73.540348
0101000020E610000088BD50C0766452C05E68AED348C74640,211,RD-TT,En conception,45.55691,-73.569748
0101000020E610000032ACE28DCC6052C0F08AE07F2BCD4640,212,RD-TT,Réel,45.60289,-73.512485
0101000020E610000009FF2268CC6852C03126FDBD14C64640,213,RD-TT,Réel,45.547508,-73.637476
0101000020E61000004489963C9E6652C0EB3BBF2841C34640,214,RD-TT,Réel,45.525426,-73.603408
0101000020E61000009EB47059856352C0588E90813CC34640,215,RD-TT,Réel,45.525284,-73.555014
0101000020E610000024B9FC87F46152C05C02F04FA9CA4640,216,RD-TT,Réel,45.583292,-73.53055
0101000020E610000023111AC1C66852C02E58AA0B78C54640,217,RD-TT,Réel,45.542726,-73.637131
0101000020E6100000EACA67791E6152C02E8CF4A276CD4640,218,RD-TT,Réel,45.605183,-73.517485
0101000020E61000002E73BA2C266052C074B33F506ED54640,219,RD-TT,Réel,45.667429,-73.50233
0101000020E6100000A4367172BF6452C0DA1A118C83C54640,220,RD-TT,Réel,45.543077,-73.574185
0101000020E6100000520FD1E80E6152C033DE567A6DCC4640,221,RD-TT,Réel,45.597091,-73.516535
0101000020E61000006E4F90D8EE6452C058923CD7F7BD4640,222,RD-TT,Réel,45.484126,-73.577078
0101000020E610000023BDA8DDAF6752C08C84B69C4BC54640,223,RD-TT,En conception,45.54137,-73.620109
0101000020E61000009D819197356252C0AEB9A3FFE5C84640,224,RD-TT,Réel,45.569519,-73.534521
0101000020E6100000FF59F3E32F6452C04B732B84D5C24640,225,RD-TT,Réel,45.522141,-73.565423
0101000020E6100000744012F6ED6352C02634492C29BD4640,226,RD-TT,Enlevé,45.477819,-73.561399
0101000020E6100000BD18CA89766452C069E21DE049C74640,227,RD-TT,En conception,45.556942,-73.569735
0101000020E61000007AC6BE64E36652C025917D9065BF4640,228,RD-TT,Réel,45.495287,-73.607629
0101000020E61000009A7CB3CD8D6352C0959A3DD00AC24640,229,RD-TT,Réel,45.515955,-73.55553
0101000020E61000003D450E11376552C03A3DEFC682BE4640,230,RD-TT,Réel,45.488366,-73.581486
0101000020E6100000AEF4DA6CAC6352C03485CE6BECC24640,231,RD-TT,Réel,45.52284,-73.557399
0101000020E61000008A3E1F65C46452C07AA702EE79BE4640,232,RD-TT,Réel,45.488096,-73.574487
0101000020E6100000D1949D7E506152C05C57CC086FCD4640,233,RD-TT,Réel,45.604951,-73.520538
0101000020E61000001ADB6B41EF6452C0B1DD3D40F7BD4640,234,RD-TT,Réel,45.484108,-73.577103
0101000020E610000042B3EBDE8A6452C0983270404BC74640,235,RD-TT,Réel,45.556984,-73.570976
0101000020E6100000978FA4A4876752C0F3AE7AC03CC64640,236,RD-TT,Réel,45.548729,-73.617654
0101000020E61000001D0247020D6452C02AE5B512BABD4640,237,RD-TT,Réel,45.482241,-73.563294
0101000020E61000004D327216F66352C0030B60CAC0C34640,238,RD-TT,Réel,45.529321,-73.561895
0101000020E6100000D270CADC7C6452C00C5872158BBF4640,239,RD-TT,Enlevé,45.496432,-73.570121
0101000020E6100000266DAAEE916652C086AFAF75A9C54640,240,RD-TT,Réel,45.544234,-73.602657
0101000020E6100000596C938AC66952C033A5F5B704C04640,241,RD-TT,Réel,45.500144,-73.652743
0101000020E610000043FE99417C6852C0F7CABC55D7BB4640,242,RD-TT,En conception,45.467509,-73.632584
0101000020E61000008FA9BBB20B6452C0170D198F52BD4640,243,RD-TT,Réel,45.479082,-73.563214
0101000020E61000002D077AA86D6452C097A8DE1AD8BE4640,244,RD-TT,Réel,45.49097,-73.569193
0101000020E61000003C670B08AD6352C0DA39CD02EDC24640,245,RD-TT,Réel,45.522858,-73.557436
0101000020E61000004832AB77B86452C009DE904605C64640,246,RD-TT,Réel,45.547036,-73.573759
0101000020E6100000F4C29D0B236552C094BDA59C2FC64640,247,RD-TT,Réel,45.548328,-73.580264
0101000020E610000088D7F50B766352C07619FED30DC04640,248,RD-TT,Archive,45.500422,-73.55408
0101000020E61000005325CADE526652C032FFE89B34C34640,249,RD-TT,Réel,45.525043,-73.598808
0101000020E6100000272F3201BF6452C0AF5C6F9BA9C24640,250,RD-TT,Réel,45.520801,-73.574158
0101000020E61000006D1CB1169F6252C081E9B46E83C64640,251,RD-TT,Archive,45.550886,-73.54096
0101000020E6100000D787F546AD6452C0F65CA626C1C94640,252,RD-TT,Réel,45.576207,-73.573076
0101000020E610000054AC1A84B96752C035D1E7A38CC64640,253,RD-TT,Réel,45.551167,-73.620698
0101000020E61000001EA7E8482E6452C0AA9D616A4BBD4640,254,RD-TT,Réel,45.478864,-73.565325
0101000020E6100000463F1A4E996052C05396218E75CB4640,255,RD-TT,Réel,45.589525,-73.509357
0101000020E61000007590D783496352C04C6F7F2E1AC64640,256,RD-TT,Réel,45.547674,-73.551362
0101000020E610000034828DEBDF6652C082C476F700C74640,257,RD-TT,Réel,45.554717,-73.607417
0101000020E6100000C0417BF5F16652C0459C4EB2D5C94640,258,RD-TT,Réel,45.576834,-73.608518
0101000020E610000054C6BFCFB86452C0BEF6CC9200C14640,259,RD-TT,Réel,45.50783,-73.57378
0101000020E61000003239B5334C6152C0309B00C3F2CD4640,260,RD-TT,Réel,45.608971,-73.520276
0101000020E61000004694F6065F6952C0629F008A91BF4640,261,RD-TT,En conception,45.496629,-73.646425
0101000020E6100000FE65F7E4616852C00938842A35C14640,262,RD-TT,Réel,45.509435,-73.630975
0101000020E61000000667F0F78B6952C0707D586FD4BE4640,263,RD-TT,Réel,45.490858,-73.649168
0101000020E6100000AF09698D416252C066101FD8F1C54640,264,RD-TT,Réel,45.546443,-73.535251
0101000020E6100000A9C29FE1CD6C52C030F488D173C34640,265,RD-TT,Réel,45.526972,-73.700066
0101000020E61000008B355CE49E6D52C0B130444E5FC34640,266,RD-TT,Enlevé,45.526346,-73.712823
0101000020E6100000809A5AB6D66752C0AEBA0ED594C64640,267,RD-TT,Réel,45.551417,-73.62248
0101000020E6100000757808E3A76852C0770FD07D39C54640,268,RD-TT,Enlevé,45.540817,-73.635247
0101000020E61000006C3D4338665F52C0FDC1C073EFD14640,269,RD-TT,Archive,45.64012,-73.490614
0101000020E6100000CCED5EEE936552C0344C6DA983D04640,270,RD-TT,Réel,45.629018,-73.587154
0101000020E61000001C0B0A83326652C0BD38F1D58EC44640,271,RD-TT,Réel,45.535609,-73.596833
0101000020E61000006C787AA52C6652C0D80E46EC13C64640,272,RD-TT,Réel,45.547483,-73.596475
0101000020E610000050508A56EE6252C07E9065C1C4C54640,273,RD-TT,En conception,45.545067,-73.545797
0101000020E61000005BD1E638B76652C0B51B7DCC07C64640,274,RD-TT,Réel,45.547113,-73.604933
0101000020E6100000A73E90BC736752C0BD0166BE83C74640,275,RD-TT,Réel,45.558708,-73.616439
0101000020E6100000D2AB014A436652C0CE1B278579C54640,276,RD-TT,Réel,45.542771,-73.597857
0101000020E610000040321D3A3D6352C0BC067DE9EDC14640,277,RD-TT,Réel,45.515073,-73.550612
0101000020E6100000B1868BDCD36552C01D3C139A24C24640,278,RD-TT,Réel,45.516742,-73.591056
0101000020E610000032C687D9CB6452C0F90FE9B7AFC14640,279,RD-TT,Enlevé,45.513175,-73.574942
0101000020E6100000BC7A15191D6152C091813CBB7CCD4640,280,RD-TT,Archive,45.605369,-73.517401
0101000020E6100000A12E52280B6452C0562C7E5358BF4640,281,RD-TT,Réel,45.494883,-73.563181
0101000020E6100000CC7F48BF7D6852C021B0726891C34640,282,RD-TT,Enlevé,45.527875,-73.632675
0101000020E610000082380F27306252C0527E52EDD3C74640,283,RD-TT,Réel,45.561155,-73.534189
0101000020E61000001E882CD2C46452C0B62C5F97E1C54640,284,RD-TT,Enlevé,45.545947,-73.574513
0101000020E61000000F09DFFB1B6B52C0857B65DEAAC34640,285,RD-TT,Réel,45.528652,-73.673583
0101000020E610000034643C4A256252C03719558671C74640,286,RD-TT,Réel,45.558152,-73.533526
0101000020E6100000139A2496946752C09B3924B550C64640,287,RD-TT,Réel,45.549338,-73.618444
0101000020E61000006A6803B0016E52C0DCF5D21401C44640,288,RD-TT,Réel,45.531283,-73.718853
0101000020E61000005952EE3EC76852C081B2295778C54640,289,RD-TT,Réel,45.542735,-73.637161
0101000020E61000006FA0C03BF96E52C0395E81E849C34640,290,RD-TT,Réel,45.525693,-73.733962
0101000020E6100000060FD3BEB96752C0B2F4A10BEAC54640,291,RD-TT,Réel,45.546205,-73.620712
0101000020E6100000299485AFAF6752C09301A08A1BC94640,292,RD-TT,Réel,45.571153,-73.620098
0101000020E6100000FCFF3861C26552C08BE255D636BB4640,293,RD-TT,Réel,45.462611,-73.589989
0101000020E61000004AB89047706752C0F9DB9E20B1BB4640,294,RD-TT,Réel,45.466343,-73.616228
0101000020E6100000800C1D3BA86352C006F357C85CC34640,295,RD-TT,Réel,45.526269,-73.557143
0101000020E610000043A9BD88B66652C0310917F208BC4640,296,RD-TT,Réel,45.469023,-73.604891
0101000020E6100000020CCB9F6F6752C04835ECF7C4C64640,297,RD-TT,Réel,45.552886,-73.616188
0101000020E610000072C0AE264F6752C0CF86FC3383C44640,298,RD-TT,Réel,45.535254,-73.614206
0101000020E610000036CCD078226552C07CB4386398D14640,299,RD-TT,Réel,45.637463,-73.580229
0101000020E6100000C3BB5CC4776852C05E4A5D328EC34640,300,RD-TT,Réel,45.527777,-73.63231
0101000020E6100000469737876B6352C0354580D3BBC64640,301,RD-TT,Réel,45.552607,-73.553438
0101000020E6100000CDB1BCAB1E6052C0069D103AE8D44640,302,RD-TT,Réel,45.663337,-73.501872
0101000020E6100000EA40D653AB6C52C0620FED6305C54640,303,RD-TT,Réel,45.539227,-73.697957
0101000020E61000001F115322896752C09F20B1DD3DC64640,304,RD-TT,Réel,45.548763,-73.617745
0101000020E61000006F0F4240BE6452C0C7B8E2E2A8C24640,305,RD-TT,Réel,45.520779,-73.574112
0101000020E6100000404CC2853C6952C07D5A457F68C44640,306,RD-TT,Réel,45.534439,-73.644319
0101000020E61000000C3ECDC98B6352C08CBAD6DEA7C04640,307,RD-TT,Réel,45.505123,-73.555407
0101000020E6100000D9CEF753E36852C05ED72FD80DC54640,308,RD-TT,Réel,45.539485,-73.638875
0101000020E61000000A83328D266652C00E130D52F0BA4640,309,RD-TT,Réel,45.460459,-73.596103
0101000020E61000000D1AFA27B86452C0736891ED7CC54640,310,RD-TT,Réel,45.542875,-73.57374
0101000020E61000007D23BA675D6152C0D21DC4CE14CC4640,311,RD-TT,Réel,45.594385,-73.521326
0101000020E6100000E256410C746552C02FFB75A73BBB4640,312,RD-TT,Réel,45.462758,-73.585208
0101000020E61000000D1AFA27B86352C090F5D4EAABC14640,313,RD-TT,Réel,45.513059,-73.558115
0101000020E61000001F2FA4C3436352C0240C03965CC54640,314,RD-TT,Réel,45.541888,-73.551011
0101000020E61000000F9BC8CC056552C093FFC9DFBDBD4640,315,RD-TT,Réel,45.482357,-73.578479
0101000020E6100000228E75711B6252C08CF50D4C6EC64640,316,RD-TT,Réel,45.550241,-73.532925
0101000020E6100000CF6A813D266252C0680586AC6EC74640,317,RD-TT,Réel,45.558065,-73.533584
0101000020E610000016359886E16852C0535DC0CB0CC54640,318,RD-TT,En conception,45.539453,-73.638765
0101000020E6100000378C82E0F16452C0724EECA17DC44640,319,RD-TT,Réel,45.535084,-73.577263
0101000020E61000004AD40B3ECD6752C0626534F279C54640,320,RD-TT,Réel,45.542784,-73.621902
0101000020E6100000E84D452A8C6652C0EFE4D3635BBA4640,321,RD-TT,Réel,45.455914,-73.602305
0101000020E6100000D732198EE76352C06E4C4F58E2BD4640,322,RD-TT,Enlevé,45.48347,-73.561008
0101000020E6100000C4D155BABB6352C0562DE92807BD4640,323,RD-TT,Réel,45.476781,-73.558333
0101000020E6100000C2C3B46FEE6252C0FFE7305F5EC64640,324,RD-TT,Réel,45.549755,-73.545803
0101000020E610000066C0594A966052C07841446ADAD54640,325,RD-TT,Réel,45.670728,-73.509173
0101000020E61000008D7A8846776352C070287CB60EC04640,326,RD-TT,Archive,45.500449,-73.554155
0101000020E610000042EBE1CB446652C0D80B056C07BB4640,327,RD-TT,Enlevé,45.461164,-73.597949
0101000020E6100000C1C8CB9A586852C0310BED9C66C54640,328,RD-TT,Réel,45.542194,-73.630408
0101000020E6100000D7DB662AC46752C0A4C16D6DE1C34640,329,RD-TT,Réel,45.530317,-73.621348
0101000020E6100000B151D66F266552C0AFD172A087C64640,330,RD-TT,Enlevé,45.551014,-73.580471
0101000020E610000065A54929E86152C03B394371C7CD4640,331,RD-TT,Réel,45.607649,-73.529795
0101000020E6100000889FFF1EBC6252C031CF4A5AF1C94640,332,RD-TT,Réel,45.577678,-73.542732
0101000020E6100000E9D66B7A506B52C0D906EE409DC44640,333,RD-TT,Réel,45.536049,-73.676787
0101000020E6100000B5A9BA47366552C0EED11BEE23C14640,334,RD-TT,Réel,45.508909,-73.581438
0101000020E610000019CA8976156752C0C1745AB741C74640,335,RD-TT,Réel,45.556693,-73.610685
0101000020E6100000079ACFB9DB6352C036ACA92C0AC54640,336,RD-TT,Réel,45.539373,-73.560286
0101000020E6100000D732198EE76352C06E4C4F58E2BD4640,337,RD-TT,Réel,45.48347,-73.561008
0101000020E61000001844A4A65D6952C0840D4FAF94BF4640,338,RD-TT,Réel,45.496725,-73.646341
0101000020E610000024F0879FFF6652C03753211E89C54640,339,RD-TT,Enlevé,45.543247,-73.609352
0101000020E6100000077C7E18216952C0207D93A641BF4640,340,RD-TT,Réel,45.494191,-73.642645
0101000020E6100000D06394675E6252C025581CCEFCC84640,341,RD-TT,Enlevé,45.570215,-73.537012
0101000020E6100000C40B2252D36252C06C7A50508AC64640,342,RD-TT,Réel,45.551096,-73.544148
0101000020E6100000F56569A7E66252C048DC63E943C54640,343,RD-TT,En conception,45.541135,-73.545328
0101000020E6100000D712F241CF6352C0930035B56CBD4640,344,RD-TT,Réel,45.47988,-73.559525
0101000020E610000011C5E40D306452C0471E882CD2C24640,345,RD-TT,Réel,45.522039,-73.565433
0101000020E6100000728BF9B9A16552C0DDB243FCC3C24640,346,RD-TT,Réel,45.521606,-73.587996
0101000020E61000001FD61BB5C26252C05E6919A9F7C44640,347,RD-TT,Réel,45.538808,-73.543134
0101000020E6100000217365506D6552C041834D9D47BB4640,348,RD-TT,Réel,45.463123,-73.584797
0101000020E6100000761893FE5E5F52C08B54185B08D24640,349,RD-TT,Réel,45.64088,-73.490173
0101000020E6100000A88AA9F4136452C037FFAF3A72C04640,350,RD-TT,Réel,45.503486,-73.563718
0101000020E610000000378B170B6452C0C3B7B06EBCBD4640,351,RD-TT,Réel,45.482313,-73.563177
0101000020E6100000766EDA8CD36852C001DD9733DBC54640,352,RD-TT,Réel,45.545752,-73.637912
0101000020E610000062D7F6764B6652C0815D4D9EB2D04640,353,RD-TT,Réel,45.630451,-73.598356
0101000020E6100000F5F75278D06352C01A170E8464C14640,354,RD-TT,Réel,45.51088,-73.559599
0101000020E6100000849B8C2AC36852C0DD787764ACBE4640,355,RD-TT,Archive,45.489636,-73.636912
0101000020E61000004AEF1B5F7B6452C098DA520779C54640,356,RD-TT,Réel,45.542756,-73.57003
0101000020E6100000AC014A438D6652C05646239F57C44640,357,RD-TT,Réel,45.533924,-73.602372
0101000020E6100000ED7E15E0BB6352C07444BE4BA9C54640,358,RD-TT,Enlevé,45.544229,-73.558342
0101000020E6100000199293895B6552C01F4B1FBAA0C44640,359,RD-TT,Réel,45.536155,-73.583712
0101000020E6100000914259F8FA6252C0611BF16437C94640,360,RD-TT,Réel,45.572003,-73.546568
0101000020E61000000CCC0A45BA6252C0F6D03E56F0C94640,361,RD-TT,Réel,45.577647,-73.542619
0101000020E61000005857056A316852C090A0F831E6C84640,362,RD-TT,Réel,45.569525,-73.628016
0101000020E61000008065A549296452C0261DE56036BD4640,363,RD-TT,Réel,45.478222,-73.56502
0101000020E61000006440F67AF76652C029ECA2E881C54640,364,RD-TT,Réel,45.543027,-73.608855
0101000020E61000000ADAE4F0496952C00A664CC11AC94640,365,RD-TT,Réel,45.571129,-73.645138
0101000020E61000007044F7AC6B6352C0E7E099D024C34640,366,RD-TT,Réel,45.524561,-73.553447
0101000020E610000059BE2EC37F6152C0E6CC76853ECC4640,367,RD-TT,Réel,45.595658,-73.523423
0101000020E61000003E0801F9126252C0C47B0E2C47CE4640,368,RD-TT,Réel,45.611547,-73.532408
0101000020E610000081E9B46E836552C027309DD66DC64640,369,RD-TT,Réel,45.550227,-73.586147
0101000020E61000006ABE4A3E766352C06F9EEA909BBD4640,370,RD-TT,Réel,45.48131,-73.554092
0101000020E6100000A35C1ABFF06852C086376BF0BEC44640,371,RD-TT,Réel,45.537077,-73.639694
0101000020E61000009D2B4A09C16352C062BEBC00FBD44640,372,RD-TT,Réel,45.66391,-73.558657
0101000020E6100000EE08A7052F6752C067D65240DABB4640,373,RD-TT,Réel,45.467598,-73.612245
0101000020E61000008B87F71C586552C0D097DEFE5CC84640,374,RD-TT,Réel,45.565338,-73.583503
0101000020E61000007077D66EBB6352C062D9CC21A9C54640,375,RD-TT,Enlevé,45.544224,-73.558315
0101000020E6100000219221C7D66452C00F60915F3FBE4640,376,RD-TT,Réel,45.486309,-73.575609
0101000020E6100000C5CA68E4F36452C01BF1643733C84640,377,RD-TT,Réel,45.564063,-73.577386
0101000020E6100000A30227DBC06352C0CD74AF93FAD44640,378,RD-TT,Réel,45.663897,-73.558646
0101000020E6100000A8565F5D156252C00473F4F8BDC74640,379,RD-TT,Réel,45.560485,-73.532554
0101000020E6100000EE43DE72F56452C055BE672442D34640,380,RD-TT,Réel,45.650456,-73.577481
0101000020E6100000C79E3D97A96252C0BCCADAA678C64640,381,RD-TT,Archive,45.550557,-73.541601
0101000020E610000060915F3FC46452C03F8BA548BEC64640,382,RD-TT,Réel,45.552682,-73.574478
0101000020E6100000616D8C9DF06852C0E947C32973C54640,383,RD-TT,Réel,45.542577,-73.639686
0101000020E61000006E8B321B645F52C0A9674128EFD14640,384,RD-TT,Archive,45.640111,-73.490485
0101000020E6100000043DD4B6616752C05AF0A2AF20C54640,385,RD-TT,Réel,45.54006,-73.615339
0101000020E61000001F1329CDE66452C05FED28CE51BD4640,386,RD-TT,Enlevé,45.479059,-73.576587
0101000020E6100000FC34EECD6F6552C031B77BB94FD04640,387,RD-TT,Réel,45.627433,-73.584949
0101000020E6100000B48F15FC366352C0A25F5B3FFDC14640,388,RD-TT,Réel,45.515541,-73.550231
0101000020E6100000137F1475E66552C07A8F334DD8C44640,389,RD-TT,Enlevé,45.537851,-73.592191
0101000020E6100000B0E8D66B7A6252C07FDC7EF964C74640,390,RD-TT,Réel,45.557769,-73.538722
0101000020E6100000A52E19C7486152C0A52F849CF7CD4640,391,RD-TT,Réel,45.609119,-73.520067
0101000020E61000000F63D2DF4B6652C0C5573B8A73C44640,392,RD-TT,Réel,45.534776,-73.598381
0101000020E6100000CDACA580B46252C076525F9676C64640,393,RD-TT,Réel,45.550494,-73.542267
0101000020E610000033FAD170CA6352C0857CD0B359BD4640,394,RD-TT,Réel,45.4793,-73.559231
0101000020E610000053CF8250DE6452C076AA7CCF48BE4640,395,RD-TT,Réel,45.486597,-73.576069
0101000020E6100000BBD1C77C406252C06153E751F1C54640,396,RD-TT,Réel,45.546427,-73.535186
0101000020E61000005C74B2D47A6252C061C3D32B65C74640,397,RD-TT,Réel,45.557775,-73.538747
0101000020E61000009EB12FD9786252C0F20C1AFA27CC4640,398,RD-TT,Réel,45.59497,-73.538626
0101000020E61000006BD8EF89756752C0CBF8F71917C44640,399,RD-TT,Réel,45.531955,-73.616549
0101000020E6100000A94D9CDCEF6652C0527E52EDD3C94640,400,RD-TT,Réel,45.57678,-73.60839
0101000020E61000009087BEBB956052C0E84CDA54DDD54640,401,RD-TT,Réel,45.670817,-73.509139
0101000020E6100000473CD9CD8C6652C094313ECC5EBA4640,402,RD-TT,Réel,45.456018,-73.602344
0101000020E610000047567E198C6552C0A20C553195C24640,403,RD-TT,Archive,45.520178,-73.586676
0101000020E6100000D00A0C59DD6852C051D845D103C54640,404,RD-TT,Réel,45.539179,-73.63851
0101000020E61000002FA3586E696252C0A6F0A0D975C74640,405,RD-TT,Réel,45.558284,-73.537685
0101000020E6100000D6390664AF6752C09DBB5D2F4DC54640,406,RD-TT,Réel,45.541418,-73.62008
0101000020E6100000D046AE9B526652C0D9D138D4EFC64640,407,RD-TT,En conception,45.554194,-73.598792
0101000020E610000043723271AB6352C02FA3586E69C14640,408,RD-TT,Réel,45.51103,-73.557339
0101000020E61000006B11514CDE6752C0425F7AFB73C34640,409,RD-TT,Enlevé,45.526977,-73.622943
0101000020E61000006C956071386052C0931D1B8178D54640,410,RD-TT,Réel,45.66774,-73.503445
0101000020E6100000E197FA79536452C03563D17476C44640,411,RD-TT,Réel,45.534865,-73.567595
0101000020E61000003813D385586552C05376FA415DC84640,412,RD-TT,Réel,45.565346,-73.583528
0101000020E6100000850838842A6852C0EEB089CC5CBC4640,413,RD-TT,Réel,45.471582,-73.627595
0101000020E6100000FB78E8BB5B6252C0F7949C137BC64640,414,RD-TT,Réel,45.550631,-73.536849
0101000020E6100000EFAEB321FF6152C0DA91EA3BBFC64640,415,RD-TT,Réel,45.552711,-73.531197
0101000020E6100000D6E6FF55476152C0D314014EEFCC4640,416,RD-TT,Réel,45.601053,-73.519979
0101000020E61000008DD5E6FF556552C02D78D15790C24640,417,RD-TT,Enlevé,45.52003,-73.583374
0101000020E6100000268DD13AAA6C52C0A532C51C04C54640,418,RD-TT,Réel,45.539188,-73.69789
0101000020E6100000F1643733FA6552C00A65E1EB6BC54640,419,RD-TT,Réel,45.542356,-73.593396
0101000020E61000001E6D1CB1166452C08E3F51D9B0BE4640,420,RD-TT,Enlevé,45.489772,-73.563885
0101000020E6100000B6847CD0B36452C0BE2D58AA0BBE4640,421,RD-TT,Réel,45.484731,-73.573475
0101000020E61000000CCA349A5C6852C046B41D5377BB4640,422,RD-TT,Réel,45.464579,-73.630652
0101000020E6100000A33F34F3E46252C04FCDE50643C54640,423,RD-TT,En conception,45.541108,-73.545224
0101000020E610000086E464E2566652C0514CDE0033C34640,424,RD-TT,Réel,45.524994,-73.599053
0101000020E610000034492C29776252C0E6AF90B932CC4640,425,RD-TT,Réel,45.595298,-73.538523
0101000020E6100000CF86FC33836352C059350873BBC14640,426,RD-TT,Réel,45.513533,-73.554883
0101000020E6100000236B0DA5F66752C04910AE8042BF4640,427,RD-TT,Enlevé,45.494217,-73.624429
0101000020E61000003FAA61BF276A52C04B92E7FA3EC04640,428,RD-TT,Réel,45.501922,-73.658676
0101000020E6100000DE04DF347D6552C04E9D47C5FFC54640,429,RD-TT,Réel,45.546868,-73.585767
0101000020E6100000067FBF982D6552C0A12E52280BC74640,430,RD-TT,Réel,45.555028,-73.580908
0101000020E61000003BC61517476552C0F888981249C64640,431,RD-TT,En conception,45.549105,-73.582464
0101000020E6100000AA2B9FE5796452C018E945ED7EC54640,432,RD-TT,Réel,45.542936,-73.56994
0101000020E610000062D7F6764B6752C05E9D6340F6C24640,433,RD-TT,Enlevé,45.52314,-73.613981
0101000020E610000046459C4EB26752C01A16A3AEB5C34640,434,RD-TT,Réel,45.528982,-73.620258
0101000020E6100000CB811E6ADB6452C01BBCAFCA85C64640,435,RD-TT,Réel,45.550958,-73.575892
0101000020E610000028B7ED7BD46552C0118E59F624C24640,436,RD-TT,Réel,45.516753,-73.591094
0101000020E610000060394206F26752C0CE8AA8893EBF4640,437,RD-TT,Réel,45.494096,-73.624147
0101000020E610000015E46723D76352C0BB26A43506C54640,438,RD-TT,Réel,45.539252,-73.560006
0101000020E610000078EDD286C36652C0272EC72B10C54640,439,RD-TT,Réel,45.539556,-73.605684
0101000020E61000000917F2086E6252C0B7D100DE02C74640,440,RD-TT,Réel,45.554775,-73.537966
0101000020E61000001D058882196252C00BD28C45D3CD4640,441,RD-TT,Enlevé,45.60801,-73.532807
0101000020E61000005F9B8D95986852C06B0DA5F622C44640,442,RD-TT,Réel,45.532317,-73.634313
0101000020E6100000FFCEF6E80D6552C0D31742CEFBBF4640,443,RD-TT,Réel,45.499872,-73.578974
0101000020E61000008BE255D6366252C0F56569A7E6C84640,444,RD-TT,Réel,45.569539,-73.534597
0101000020E6100000CDCD37A27B6252C0261AA4E029CC4640,445,RD-TT,Réel,45.595028,-73.538796
0101000020E6100000D619DF17976852C00533A6608DBF4640,446,RD-TT,Réel,45.496502,-73.634222
0101000020E6100000B54E5C8E576452C05C548B8862C24640,447,RD-TT,Réel,45.518632,-73.567844
0101000020E61000008FC6A17E176452C0FCE25295B6BC4640,448,RD-TT,En conception,45.474322,-73.563934
0101000020E61000000F09DFFB1B6352C0020CCB9F6FC34640,449,RD-TT,Réel,45.526844,-73.548583
0101000020E6100000FF03AC55BB6352C09C6D6E4C4FC64640,450,RD-TT,Réel,45.549295,-73.558309
0101000020E6100000A8FE4124436352C06893C3279DC24640,451,RD-TT,Réel,45.520421,-73.550973
0101000020E610000036AE7FD7676052C05DFE43FAEDD14640,452,RD-TT,Enlevé,45.640075,-73.506338
0101000020E6100000D0D556EC2F6452C09A232BBF0CC04640,453,RD-TT,Réel,45.500389,-73.565425
0101000020E61000002BA226FA7C6352C007EFAB72A1C44640,454,RD-TT,Réel,45.536177,-73.554503
0101000020E610000030A182C30B6452C058A9A0A2EAC34640,455,RD-TT,Réel,45.530598,-73.563218
0101000020E6100000FCE07CEA586252C00377A04E79C64640,456,RD-TT,Réel,45.550577,-73.536677
0101000020E610000049F4328AE56552C00DA5F622DAC44640,457,RD-TT,Enlevé,45.537907,-73.592135
0101000020E6100000ED6305BF0D6B52C0F2EF332E1CC64640,458,RD-TT,Réel,45.547735,-73.672714
0101000020E6100000481B47ACC56952C086FF740305C04640,459,RD-TT,Réel,45.500153,-73.65269
0101000020E61000005DFA97A4326352C014234BE658C64640,460,RD-TT,Réel,45.549588,-73.549966
0101000020E61000003DB665C0596952C091F12895F0C44640,461,RD-TT,Enlevé,45.538592,-73.646103
0101000020E610000061FBC9181F6152C0596B28B517CD4640,462,RD-TT,Enlevé,45.602286,-73.517523
0101000020E610000000C79E3D976252C062BEBC00FBC44640,463,RD-TT,Réel,45.53891,-73.540481
0101000020E6100000D3BEB9BF7A6452C095F430B43AC94640,464,RD-TT,Réel,45.572104,-73.569992
0101000020E61000004B033FAA616952C0E77283A10EC54640,465,RD-TT,Réel,45.539509,-73.646586
0101000020E6100000244223D8B86752C043C9E4D4CEC64640,466,RD-TT,Réel,45.553187,-73.620657
0101000020E61000009CA56439096452C0EA25C632FDBC4640,467,RD-TT,Réel,45.476477,-73.563063
0101000020E610000074EACA67796452C0DFC0E44691BF4640,468,RD-TT,Enlevé,45.496621,-73.56991
0101000020E6100000BC5983F7556852C09147702365C54640,469,RD-TT,Réel,45.542149,-73.630247
0101000020E6100000D3F9F02C416652C006BB61DBA2C44640,470,RD-TT,Réel,45.53622,-73.597728
0101000020E61000009A999999996052C087A3AB7477CB4640,471,RD-TT,Réel,45.589583,-73.509375
0101000020E61000008A592F86726952C035EF384547C04640,472,RD-TT,Réel,45.502175,-73.647615
0101000020E61000006DA983BC1E6452C069520ABABDC24640,473,RD-TT,En conception,45.521415,-73.564376
0101000020E6100000B0AE0AD4626852C004AF963B33C14640,474,RD-TT,Réel,45.509376,-73.631032
0101000020E6100000A6B73F170D6452C01EFF058200C34640,475,RD-TT,Réel,45.523453,-73.563299
0101000020E610000047020D36756752C08318E8DA17C44640,476,RD-TT,Réel,45.531978,-73.616529
0101000020E61000006F8445459C6652C06666666666C44640,477,RD-TT,Réel,45.534375,-73.603288
0101000020E61000001399B9C0E56352C0C022BF7E88C34640,478,RD-TT,Réel,45.527603,-73.560898
0101000020E6100000CD5A0A48FB6652C0B9DFA128D0C34640,479,RD-TT,Réel,45.52979,-73.609087
0101000020E61000000DE198654F6452C092EBA694D7C04640,480,RD-TT,Réel,45.506579,-73.567346
0101000020E610000007B13385CE6852C08FFAEB1516C64640,481,RD-TT,Réel,45.547549,-73.637605
0101000020E6100000BDC5C37B0E6152C0B0FF3A376DCC4640,482,RD-TT,Réel,45.597083,-73.516509
0101000020E61000004A97FE25A96552C00BCF4BC5C6C24640,483,RD-TT,Réel,45.521691,-73.588449
0101000020E6100000FC8EE1B19F6252C0598AE42B81C64640,484,RD-TT,Archive,45.550817,-73.540997
0101000020E61000007EC4AF58C36752C0EB3A545392BF4640,485,RD-TT,Réel,45.496653,-73.621298
0101000020E6100000317DAF21386352C010AE80423DBD4640,486,RD-TT,Réel,45.478432,-73.550301
0101000020E61000006A8995D1C86452C0116E32AA0CC34640,487,RD-TT,Réel,45.523824,-73.574757
0101000020E61000007FA65EB7086752C0FE7C5BB054C54640,488,RD-TT,Réel,45.541647,-73.609907
0101000020E6100000B6A2CD716E6452C047E6913F18C64640,489,RD-TT,En conception,45.547615,-73.569241
0101000020E61000001920D1048A6852C045F30016F9BB4640,490,RD-TT,Réel,45.468539,-73.633424
0101000020E610000043E1B375706252C0D8648D7A88C64640,491,RD-TT,En conception,45.55104,-73.538114
0101000020E610000042B0AA5E7E6852C0261B0FB6D8BB4640,492,RD-TT,Réel,45.467551,-73.632713
0101000020E610000071E2AB1DC56452C0A45016BEBEC64640,493,RD-TT,Réel,45.552696,-73.574531
0101000020E6100000DACA4BFE276052C0EBE3A1EF6ED54640,494,RD-TT,Réel,45.667448,-73.502441
0101000020E61000006E5166834C6152C04FE8F527F1CD4640,495,RD-TT,Réel,45.608922,-73.520295
0101000020E6100000098CF50D4C6752C0055262D7F6C24640,496,RD-TT,Enlevé,45.523158,-73.614017
0101000020E6100000CB0EF10F5B6552C078962023A0C44640,497,RD-TT,Réel,45.536137,-73.583683
0101000020E610000069FD2D01F86452C02CF3565D87C44640,498,RD-TT,Réel,45.535381,-73.577637
0101000020E6100000F8C43A55BE6552C0DCDAC2F352C54640,499,RD-TT,Réel,45.541594,-73.589742
0101000020E6100000EE77280AF46552C098689082A7C24640,500,RD-TT,Réel,45.520737,-73.59302
0101000020E610000058ACE122F76652C07689EAAD81C54640,501,RD-TT,Réel,45.54302,-73.608834
0101000020E6100000FA2AF9D85D6152C068CF656A12CC4640,502,RD-TT,Réel,45.594312,-73.521353
0101000020E6100000F72004E44B6352C02D228AC91BC64640,503,RD-TT,Réel,45.547723,-73.551507
0101000020E61000002BF86D88F16452C01FF46C567DC44640,504,RD-TT,Réel,45.535075,-73.577242
0101000020E610000001FC53AA446652C0F16778B306BB4640,505,RD-TT,Enlevé,45.461142,-73.597941
0101000020E610000080D591239D6652C0B03DB32440C34640,506,RD-TT,Réel,45.525395,-73.603341
0101000020E61000009738F240646152C0CA8AE1EA00CC4640,507,RD-TT,Réel,45.593778,-73.521744
0101000020E61000009C6ED921FE6052C02B69C53714CC4640,508,RD-TT,En conception,45.594367,-73.515511
0101000020E61000008E40BCAE5F6752C0AE7E6C921FC54640,509,RD-TT,Réel,45.540026,-73.615215
0101000020E6100000B2F1608BDD6752C0AD156D8E73C34640,510,RD-TT,Enlevé,45.526964,-73.622897
0101000020E6100000F10D85CFD66752C0FC1C1F2DCEC64640,511,RD-TT,Réel,45.553167,-73.622486
0101000020E610000007B47405DB6752C0B130444E5FBF4640,512,RD-TT,Réel,45.495096,-73.622743
0101000020E61000007633A31F0D6752C01C06F357C8C44640,513,RD-TT,Réel,45.537364,-73.610176
0101000020E610000068E6C935056152C0E63C635FB2CD4640,514,RD-TT,Réel,45.607006,-73.515943
0101000020E6100000EDD5C743DF6452C0B24B546F0DD24640,515,RD-TT,Réel,45.641035,-73.576127
0101000020E6100000AB4203B16C6252C0EC681CEA77C74640,516,RD-TT,Réel,45.558347,-73.537884
0101000020E61000007E5182FE426A52C06AF6402B30C04640,517,RD-TT,Réel,45.50147,-73.660339
0101000020E6100000D2AA9674946052C033880FECF8D54640,518,RD-TT,Réel,45.671659,-73.509061
0101000020E61000004CE141B3EB6852C002B859BC58C04640,519,RD-TT,Réel,45.502708,-73.639386
0101000020E6100000919C4CDC2A6552C0CC29013109C74640,520,RD-TT,Réel,45.554968,-73.580741
0101000020E6100000A81ABD1AA06552C03DEFC682C2C24640,521,RD-TT,Réel,45.521561,-73.587897
0101000020E610000029417FA1476652C0B58CD47B2AC34640,522,RD-TT,Réel,45.524734,-73.598122
0101000020E610000073309B00C36652C08179C8940FC54640,523,RD-TT,Réel,45.539538,-73.605652
0101000020E61000001AA54BFF926652C0AF09698D41C94640,524,RD-TT,Réel,45.572313,-73.602722
0101000020E610000079E75086AA6852C0611BF16437C54640,525,RD-TT,Réel,45.540753,-73.635408
0101000020E6100000750470B3786252C0E1B4E0455FC74640,526,RD-TT,Réel,45.557595,-73.538617
0101000020E6100000C02500FF946052C0465B9544F6D54640,527,RD-TT,Réel,45.671578,-73.509094
0101000020E6100000F4FBFECD8B6852C03BE12538F5BB4640,528,RD-TT,Réel,45.468421,-73.633533
0101000020E61000005A457F68E66152C0D0B69A75C6CD4640,529,RD-TT,Réel,45.607619,-73.529688
0101000020E6100000FC7266BB426352C0467A51BB5FC54640,530,RD-TT,Réel,45.541984,-73.550948
0101000020E6100000FE7BF0DAA56752C008CBD8D0CDC44640,531,RD-TT,Réel,45.537531,-73.619498
0101000020E6100000FB9463B2B86252C03D9B559FABC94640,532,RD-TT,Réel,45.57555,-73.542523
0101000020E6100000E753C72AA56752C07381CB63CDC44640,533,RD-TT,Réel,45.537518,-73.619456
0101000020E6100000B9718BF9B96252C037AAD381ACC94640,534,RD-TT,Réel,45.575577,-73.542601
0101000020E6100000B0E2546B616552C0F7E80DF791BD4640,535,RD-TT,Réel,45.481017,-73.584071
0101000020E6100000C9C7EE02256552C0814067D2A6C24640,536,RD-TT,Réel,45.520716,-73.580384
0101000020E6100000815B77F3546252C00B7E1B62BCC64640,537,RD-TT,Réel,45.552624,-73.536435
0101000020E6100000CD203EB0E36652C07FDC7EF964BF4640,538,RD-TT,Réel,45.495269,-73.607647
0101000020E6100000E883656CE86052C0B1F7E28BF6CC4640,539,RD-TT,Réel,45.601274,-73.514186
0101000020E61000004D486B0C3A6752C0F6D214014EC54640,540,RD-TT,Réel,45.541443,-73.612918
0101000020E61000007C478D09316652C070CFF3A78DC44640,541,RD-TT,Réel,45.535573,-73.596743
0101000020E610000090DAC4C9FD6052C0CB2C42B115CC4640,542,RD-TT,En conception,45.594412,-73.51549
0101000020E610000041B8020AF56352C0F790F0BDBFC34640,543,RD-TT,Réel,45.529289,-73.561831
0101000020E6100000689599D2FA6652C0541A31B3CFC34640,544,RD-TT,Réel,45.529776,-73.609059
0101000020E61000008D98D9E7316852C0E3FA777DE6C84640,545,RD-TT,Réel,45.569534,-73.628046
0101000020E6100000B29C84D2176452C002D4D4B2B5BC4640,546,RD-TT,En conception,45.474295,-73.563954
0101000020E610000047938B31B06052C0376DC66988D44640,547,RD-TT,Réel,45.660413,-73.510754
0101000020E6100000E97FB9162D6652C06D58535914C64640,548,RD-TT,Réel,45.547496,-73.596502
0101000020E610000030A182C30B6452C0B0ABC95356BF4640,549,RD-TT,Enlevé,45.494822,-73.563218
0101000020E6100000C26A2C616D6452C03F8D7BF31BC64640,550,RD-TT,En conception,45.547728,-73.569176
0101000020E6100000FCDF1115AA6252C0F4C5DE8B2FC64640,551,RD-TT,Enlevé,45.548326,-73.541631
0101000020E6100000B9E00CFE7E6852C02CD8463CD9BB4640,552,RD-TT,Enlevé,45.467567,-73.632751
0101000020E610000017D68D77476152C010E6762FF7CD4640,553,RD-TT,Réel,45.609106,-73.519987
0101000020E61000000726378AAC6652C01895D40968C64640,554,RD-TT,Enlevé,45.55005,-73.604281
0101000020E6100000AEB9A3FFE56452C0A110018750BD4640,555,RD-TT,Enlevé,45.47902,-73.576538
0101000020E6100000861BF0F9616252C024F0879FFFC64640,556,RD-TT,Enlevé,45.554676,-73.53723
0101000020E6100000B3412619396352C06308008E3DBD4640,557,RD-TT,Réel,45.478441,-73.55036
0101000020E61000001C96067E546252C0B8239C16BCC64640,558,RD-TT,Réel,45.552615,-73.536407
0101000020E61000003BA759A0DD6852C040A19E3E02C54640,559,RD-TT,Réel,45.539131,-73.638527
0101000020E6100000F92D3A596A6252C04AF086342ACC4640,560,RD-TT,Réel,45.595038,-73.537741
0101000020E61000007FA1478C9E6D52C06A50340F60C34640,561,RD-TT,Réel,45.526369,-73.712802
0101000020E61000005CC7B8E2E26752C011018750A5C64640,562,RD-TT,Réel,45.55192,-73.623223
0101000020E61000006DE179A9D86752C03830B95164BF4640,563,RD-TT,Réel,45.495249,-73.622599
0101000020E61000003F58C6866E6552C03D997FF44DD04640,564,RD-TT,Réel,45.627379,-73.584871
0101000020E61000005A828C800A6352C0AEA0698995C34640,565,RD-TT,Réel,45.528001,-73.547516
0101000020E6100000E90FCD3CB96752C0669FC728CFC64640,566,RD-TT,Réel,45.553197,-73.620681
0101000020E6100000CB65A3737E6452C0611A868F88BF4640,567,RD-TT,Enlevé,45.496355,-73.570218
0101000020E6100000B16B7BBB256552C0E605D847A7C24640,568,RD-TT,Réel,45.52073,-73.580428
0101000020E610000041EF8D21006652C0BCAFCA85CABB4640,569,RD-TT,Réel,45.467118,-73.593758
0101000020E6100000A0A4C002986852C0A73FFB9122C44640,570,RD-TT,Réel,45.532305,-73.634278
0101000020E610000084D558C2DA6152C0E770ADF6B0CD4640,571,RD-TT,Réel,45.606963,-73.528977
0101000020E6100000AAD216D7F86E52C06325E65949C34640,572,RD-TT,Réel,45.525676,-73.733938
0101000020E61000005F97E13FDD6352C0BD6E1118EBBD4640,573,RD-TT,Réel,45.483737,-73.560379
0101000020E610000036751E15FF6552C0BADBF5D214C34640,574,RD-TT,Réel,45.524073,-73.593694
0101000020E610000034130CE71A6352C05BEF37DA71C34640,575,RD-TT,Réel,45.526912,-73.548517
0101000020E610000006685BCD3A6752C009A69A594BC54640,576,RD-TT,Réel,45.541362,-73.612964
0101000020E61000009752978C636552C03D61890794BD4640,577,RD-TT,Réel,45.48108,-73.584201
0101000020E6100000B2666490BB6552C0DC0DA2B5A2D14640,578,RD-TT,Réel,45.637778,-73.589573
0101000020E6100000A2D288997D6552C0B39602D2FEC54640,579,RD-TT,Réel,45.546839,-73.585791
0101000020E6100000280F0BB5A66352C0683F524486BD4640,580,RD-TT,Réel,45.48066,-73.55705
0101000020E61000002A52616C216552C07C80EECB99D14640,581,RD-TT,Réel,45.637506,-73.580165
0101000020E6100000F5F6E7A2216452C0567F8461C0C24640,582,RD-TT,En conception,45.521496,-73.564553
0101000020E610000046B6F3FDD46752C00EF7915B93C64640,583,RD-TT,Réel,45.551372,-73.622375
0101000020E6100000AED51EF6426652C039D2191879C54640,584,RD-TT,Réel,45.542758,-73.597837
0101000020E61000007633A31F0D6452C0A5F78DAF3DC74640,585,RD-TT,Réel,45.55657,-73.563301
0101000020E61000009D103AE8126452C0CC7C073F71C04640,586,RD-TT,Réel,45.503456,-73.563654
0101000020E61000009A5DF756246452C010EA2285B2C24640,587,RD-TT,Réel,45.521073,-73.564718
0101000020E6100000C45E28603B6352C04CC79C67ECC14640,588,RD-TT,Réel,45.515027,-73.550499
0101000020E61000004EF1B8A8166452C07CD45FAFB0BE4640,589,RD-TT,Réel,45.489767,-73.563883
0101000020E6100000E31B0A9FAD6752C0E012807F4AC54640,590,RD-TT,En conception,45.541336,-73.619972
0101000020E61000007CD5CA845F6452C00DC347C494BE4640,591,RD-TT,Réel,45.488915,-73.56833
0101000020E61000001DACFF73986652C0EEB1F4A10BC84640,592,RD-TT,Réel,45.562855,-73.603055
0101000020E6100000894160E5D06552C0BFF04A92E7C24640,593,RD-TT,En conception,45.522692,-73.590875
0101000020E6100000C1E09A3BFA6752C0CB86359545BF4640,594,RD-TT,Réel,45.494311,-73.624648
0101000020E6100000710168942E6752C0D28C45D3D9BB4640,595,RD-TT,Réel,45.467585,-73.612218
0101000020E6100000354069A8516352C06B10E6762FC54640,596,RD-TT,Réel,45.540511,-73.551859
0101000020E610000014799274CD6C52C071E316F373C34640,597,RD-TT,Réel,45.526976,-73.70004
0101000020E6100000DC7F643A746252C023BF7E880DC64640,598,RD-TT,Réel,45.547288,-73.538344
0101000020E610000070B20DDC816352C0FA60191BBAC14640,599,RD-TT,Réel,45.513492,-73.554801
0101000020E61000000EA48B4D2B6452C032FFE89B34BD4640,600,RD-TT,Réel,45.478168,-73.565143
0101000020E6100000780DFAD2DB6352C05320B3B3E8BD4640,601,RD-TT,Réel,45.483664,-73.560292
0101000020E61000002E742502D56552C01421753BFBBA4640,602,RD-TT,Enlevé,45.460792,-73.591126
0101000020E61000007520EBA9D56552C01421753BFBBA4640,603,RD-TT,Enlevé,45.460792,-73.591166
0101000020E61000008A22A46E676252C0560DC2DCEEC54640,604,RD-TT,Réel,45.546352,-73.537563
0101000020E6100000B247A819526652C0C43E011423B94640,605,RD-TT,Enlevé,45.446383,-73.598761
0101000020E6100000807F4A95286652C068AF3E1EFABA4640,606,RD-TT,Réel,45.460758,-73.596227
0101000020E6100000603B18B14F5F52C0B58AFED0CCD14640,607,RD-TT,Réel,45.639063,-73.489239
0101000020E6100000936E4BE4826152C097E2AAB2EFC84640,608,RD-TT,Réel,45.569815,-73.523614
0101000020E61000009B02999D456A52C0EC89AE0B3FC04640,609,RD-TT,Réel,45.501924,-73.660499
0101000020E6100000A1815836736652C0750470B378B94640,610,RD-TT,Enlevé,45.448996,-73.600782
0101000020E6100000813FFCFCF76752C0DE59BBED42BF4640,611,RD-TT,Réel,45.49423,-73.624511
0101000020E6100000B9382A37516452C00ED940BAD8C04640,612,RD-TT,Réel,45.506614,-73.567457
0101000020E6100000DE9387855A6152C03F8D7BF31BCC4640,613,RD-TT,Réel,45.594603,-73.52115
0101000020E610000093020B60CA6252C05131CEDF84C64640,614,RD-TT,Réel,45.55093,-73.543602
0101000020E61000001E6B4606B96752C0823AE5D18DC64640,615,RD-TT,Réel,45.551203,-73.620668
0101000020E6100000AB967494836152C06D1B4641F0C84640,616,RD-TT,Réel,45.569832,-73.523656
0101000020E6100000963FDF162C6252C0F277EFA831C94640,617,RD-TT,Réel,45.571828,-73.533941
0101000020E6100000D1048A58C46752C08D9AAF928FBF4640,618,RD-TT,Réel,45.496569,-73.621359
0101000020E61000005B7C0A80F16852C030F488D173C54640,619,RD-TT,Réel,45.542597,-73.63974
0101000020E6100000E38920CEC36652C04888F2052DC64640,620,RD-TT,Réel,45.548249,-73.605701
0101000020E61000008A3BDEE4B76352C01AC1C6F5EFC44640,621,RD-TT,Réel,45.538573,-73.558099
0101000020E61000002F51BD35B06652C0EB39E97DE3C54640,622,RD-TT,Enlevé,45.546005,-73.604505
0101000020E6100000048E041A6C6752C01F10E84CDAC24640,623,RD-TT,Réel,45.522287,-73.615973
0101000020E61000004E29AF95D06852C0F69672BED8C54640,624,RD-TT,Réel,45.545677,-73.637731
0101000020E61000009A40118B186652C0419DF2E846D04640,625,RD-TT,Réel,45.627164,-73.595248
0101000020E610000039ED2939276252C0BCAFCA85CAC74640,626,RD-TT,Réel,45.560868,-73.533644
0101000020E6100000863C821B296652C073F56393FCBA4640,627,RD-TT,Réel,45.460833,-73.596259
0101000020E61000001D8EAED2DD6452C0B3B3E89D0AD24640,628,RD-TT,Réel,45.640949,-73.576039
0101000020E6100000DC2A8881AE6752C04698A25C1AC94640,629,RD-TT,Réel,45.571117,-73.620026
0101000020E61000002C2AE274926652C01AF9BCE2A9C54640,630,RD-TT,Réel,45.544247,-73.602689
0101000020E6100000B3295778976852C00EC0064488C74640,631,RD-TT,Réel,45.558846,-73.634245
0101000020E610000087A8C29FE16452C05DFA97A432C74640,632,RD-TT,Réel,45.556233,-73.576271
0101000020E610000051A1BAB9F86452C0D2A755F487C44640,633,RD-TT,Réel,45.535399,-73.577681
0101000020E6100000FBAE08FEB76452C0B68311FB04C64640,634,RD-TT,Réel,45.547027,-73.57373
0101000020E61000009259BDC3ED6452C03674B33F50C64640,635,RD-TT,Réel,45.549324,-73.577012
0101000020E610000019C6DD205A6952C04354E1CFF0C44640,636,RD-TT,Enlevé,45.538599,-73.646126
0101000020E6100000BE672442236552C0D6AC33BE2FC64640,637,RD-TT,Enlevé,45.548332,-73.580277
0101000020E6100000B6F468AA276A52C03CF71E2E39C04640,638,RD-TT,Réel,45.501745,-73.658671
0101000020E610000043C5387F136452C086E63A8DB4BE4640,639,RD-TT,Réel,45.489885,-73.56369
0101000020E61000004F57772CB66552C04339D1AE42C64640,640,RD-TT,Réel,45.54891,-73.589244
0101000020E61000003F390A10056752C0098B8A389DC64640,641,RD-TT,Enlevé,45.551673,-73.609684
0101000020E6100000B4AB90F2936752C03BFDA02E52C64640,642,RD-TT,Réel,45.549383,-73.618405
0101000020E6100000925D6919A96252C04D11E0F42EC64640,643,RD-TT,Enlevé,45.548308,-73.541571
0101000020E610000015C78157CB6352C096E7C1DD59BD4640,644,RD-TT,Réel,45.479305,-73.559286
0101000020E61000005F5FEB52236752C09CC420B072C44640,645,RD-TT,Réel,45.53475,-73.611531
0101000020E61000008F5033A48A6352C016A75A0BB3CA4640,646,RD-TT,Enlevé,45.583589,-73.555337
0101000020E6100000147651F4C06952C066D828EB37C74640,647,RD-TT,Réel,45.556394,-73.652402
0101000020E6100000904B1C79206252C0890AD5CDC5C74640,648,RD-TT,Réel,45.560724,-73.533232
0101000020E6100000145D177E706752C041446ADAC5C64640,649,RD-TT,Réel,45.552913,-73.616241
0101000020E6100000BCCE86FC336652C027DE019EB4C44640,650,RD-TT,Réel,45.536762,-73.596923
0101000020E6100000095053CBD66352C082C7B7770DC24640,651,RD-TT,Réel,45.516036,-73.559985
0101000020E61000006DE179A9D86252C087527B116DC74640,652,RD-TT,Réel,45.558016,-73.544474
0101000020E6100000882EA86F996752C0BD73284355CA4640,653,RD-TT,Réel,45.580727,-73.61874
0101000020E6100000E75608ABB16252C04145D5AF74C64640,654,RD-TT,Réel,45.550436,-73.542094
0101000020E6100000FB93F8DC096252C04ED367075CCD4640,655,RD-TT,Enlevé,45.604371,-73.531852
0101000020E61000009BE3DC26DC6452C08F6E844545BE4640,656,RD-TT,Réel,45.486489,-73.575937
0101000020E610000004C6FA06266552C05C77F35487C64640,657,RD-TT,Enlevé,45.551005,-73.580446
0101000020E6100000C896E5EB326352C05646239F57C64640,658,RD-TT,Réel,45.549549,-73.549983
0101000020E61000009F909DB7B16752C085CC9541B5C34640,659,RD-TT,Réel,45.528969,-73.620222
0101000020E610000061AA99B5146852C0E84EB0FF3AC54640,660,RD-TT,Réel,45.540863,-73.626264
0101000020E610000005C58F31776452C03485CE6BECBC4640,661,RD-TT,Enlevé,45.475965,-73.569775
0101000020E6100000CE8B135FED6452C0E31934F44FC64640,662,RD-TT,Réel,45.549315,-73.576988
0101000020E6100000D74FFF59F36452C0F81A82E332C84640,663,RD-TT,Réel,45.564053,-73.577353
0101000020E61000008962F206986252C0F607CA6DFBC44640,664,RD-TT,Réel,45.538923,-73.540529
0101000020E610000023F59ECA696552C036AE7FD767C84640,665,RD-TT,Réel,45.565669,-73.584582
0101000020E6100000BE2EC37FBA6352C0899AE8F351C64640,666,RD-TT,Réel,45.549376,-73.558258
0101000020E610000029232E008D6552C02426A8E15BC44640,667,RD-TT,Réel,45.534054,-73.586731
0101000020E610000030F0DC7BB86452C02AADBF2500C14640,668,RD-TT,Réel,45.507817,-73.57376
0101000020E6100000287CB60E0E6152C0DBDFD91EBDCD4640,669,RD-TT,Réel,45.607334,-73.516483
0101000020E6100000EC504D49D66252C05D1ABFF04AC64640,670,RD-TT,Réel,45.549162,-73.544329
0101000020E61000003DEE5BAD136452C086E63A8DB4BE4640,671,RD-TT,Enlevé,45.489885,-73.563701
0101000020E61000005CAAD216D76452C067EE21E17BC54640,672,RD-TT,Réel,45.542843,-73.575628
0101000020E6100000DB6B41EF8D6652C05C035B2558C44640,673,RD-TT,Réel,45.53394,-73.602413
0101000020E6100000F01472A59E6752C0A7406667D1BF4640,674,RD-TT,Réel,45.498578,-73.619058
0101000020E61000005CE84A04AA6652C0D00F238447C34640,675,RD-TT,Réel,45.52562,-73.604127
0101000020E6100000A8A9656B7D6352C0A81ABD1AA0C44640,676,RD-TT,Réel,45.536136,-73.55453
0101000020E6100000C6DE8B2FDA6352C0FBAD9D2809C54640,677,RD-TT,Réel,45.539342,-73.560192
0101000020E6100000D5CBEF34996652C006DA1D520CC84640,678,RD-TT,Réel,45.562876,-73.603101
0101000020E610000006685BCD3A6552C08C2D043928C14640,679,RD-TT,Réel,45.50904,-73.581714
0101000020E6100000B2BCAB1E306352C083BF5FCC96C64640,680,RD-TT,Réel,45.551477,-73.549812
0101000020E61000000BEC3191D26252C0D73043E389C64640,681,RD-TT,Réel,45.551083,-73.544102
0101000020E610000076DF313CF66452C0E1D4079277C24640,682,RD-TT,En conception,45.519274,-73.577529
0101000020E610000088BEBB95256452C08CD7BCAAB3C24640,683,RD-TT,Réel,45.521108,-73.564794
0101000020E6100000349F73B7EB6352C0056D72F8A4C54640,684,RD-TT,Réel,45.544097,-73.561262
0101000020E610000087FD9E58A76352C02750C42286BD4640,685,RD-TT,Réel,45.480656,-73.557089
0101000020E6100000C11C3D7E6F6452C09C31CC09DABE4640,686,RD-TT,Réel,45.491029,-73.569305
0101000020E61000000F09DFFB1B6252C0DF4F8D976EC64640,687,RD-TT,Réel,45.55025,-73.532958
0101000020E6100000F70489EDEE6252C0A1664815C5C54640,688,RD-TT,En conception,45.545077,-73.545833
0101000020E61000002769FE98D66452C07825C9737DC54640,689,RD-TT,Réel,45.542891,-73.575598
0101000020E6100000D4282499D56352C0E2033BFE0BC24640,690,RD-TT,Réel,45.515991,-73.559912
0101000020E6100000745FCE6C576552C0CD3B4ED191C24640,691,RD-TT,Réel,45.520075,-73.583461
0101000020E6100000EA42ACFE086552C09835B1C057C84640,692,RD-TT,Réel,45.565178,-73.578674
0101000020E6100000A2B3CC22146852C095F430B43AC54640,693,RD-TT,Réel,45.540854,-73.626229
0101000020E61000005262D7F6766352C0CEA623809BBD4640,694,RD-TT,Réel,45.481308,-73.554136
0101000020E610000072512D228A6552C0BB9C121093C24640,695,RD-TT,Archive,45.520113,-73.586556
0101000020E6100000A13028D3686052C06E693524EED14640,696,RD-TT,Enlevé,45.64008,-73.506398
0101000020E6100000AE122C0E676252C0D32EA699EEC54640,697,RD-TT,Réel,45.546344,-73.53754
0101000020E6100000056C0723F66152C0A96BED7DAACA4640,698,RD-TT,Réel,45.583328,-73.530648
0101000020E61000006743FE99416652C06B80D250A3C44640,699,RD-TT,Réel,45.536234,-73.597754
0101000020E6100000ECF82F10046152C0408864C8B1CD4640,700,RD-TT,Réel,45.606988,-73.515873
0101000020E6100000CA1649BBD16552C08AE3C0ABE5C24640,701,RD-TT,Réel,45.522634,-73.590926
0101000020E6100000FD2D01F8A76352C0ADA7565F5DC34640,702,RD-TT,Réel,45.526287,-73.557127
0101000020E610000087342A70B26452C0CA6E66F4A3C14640,703,RD-TT,Réel,45.512816,-73.573391
0101000020E610000096CB46E7FC6252C0287FF78E1AC54640,704,RD-TT,Enlevé,45.539873,-73.546686
0101000020E610000042B0AA5E7E6852C08675E3DD91C34640,705,RD-TT,Enlevé,45.527889,-73.632713
0101000020E6100000F3FFAA23476652C00ED8D5E429C34640,706,RD-TT,Réel,45.524716,-73.598092
0101000020E61000005A46EA3D956A52C063EFC517EDC74640,707,RD-TT,Réel,45.561923,-73.665359
0101000020E610000014967840D96252C082C98D226BC74640,708,RD-TT,Réel,45.557957,-73.54451
0101000020E6100000F0FACC599F6D52C065C746205EC34640,709,RD-TT,Réel,45.52631,-73.712851
0101000020E610000062F6B2EDB46752C02504ABEAE5C54640,710,RD-TT,Réel,45.546079,-73.620418
0101000020E6100000EF022505166652C0D0B52FA017BA4640,711,RD-TT,Réel,45.453846,-73.595094
0101000020E61000001898158A746252C012C138B874C64640,712,RD-TT,Archive,45.550437,-73.538363
0101000020E6100000CBBDC0AC506B52C003CE52B29CC44640,713,RD-TT,Réel,45.536032,-73.676799
0101000020E6100000B3B794F3C56752C003965CC5E2C34640,714,RD-TT,Réel,45.530358,-73.621457
0101000020E61000005F622CD32F6452C034A1496249BD4640,715,RD-TT,Réel,45.478802,-73.565419
0101000020E610000064CDC820776252C0C3EFA65B76C64640,716,RD-TT,Archive,45.550487,-73.538521
0101000020E6100000185FB4C70B6352C0AF08FEB792C34640,717,RD-TT,Réel,45.527915,-73.547594
0101000020E61000008E791D71C86652C0D368723106C44640,718,RD-TT,Réel,45.531439,-73.605984
0101000020E6100000AB24B20FB26452C0C37DE4D6A4C14640,719,RD-TT,Réel,45.512843,-73.573368
0101000020E610000058FE7C5BB06352C00FEECEDA6DC14640,720,RD-TT,Réel,45.511165,-73.557639
0101000020E61000000EF3E505D86452C02EAD86C43DBE4640,721,RD-TT,Réel,45.48626,-73.575685
0101000020E610000099F4F752786352C06937FA980FC04640,722,RD-TT,Enlevé,45.500476,-73.554219
0101000020E61000009563B2B8FF6D52C030B8E68EFEC34640,723,RD-TT,Réel,45.531206,-73.718733
0101000020E610000050560C57076152C0C18F6AD8EFCD4640,724,RD-TT,Enlevé,45.608882,-73.516073
0101000020E6100000A9A5B915C26452C0CE380D5185C54640,725,RD-TT,Réel,45.543131,-73.574346
0101000020E6100000C5E3A25A446352C05E4D9EB29AC24640,726,RD-TT,Réel,45.520346,-73.551047
0101000020E6100000D3F88557926852C007793D9814BF4640,727,RD-TT,Enlevé,45.492816,-73.633932
0101000020E6100000A818E76F426552C0E25AED612FC44640,728,RD-TT,Réel,45.532696,-73.58218
0101000020E61000007847C66AF36552C0B64DF1B8A8C24640,729,RD-TT,En conception,45.520774,-73.592982
0101000020E6100000064A0A2C806452C0EF92382BA2C24640,730,RD-TT,Réel,45.520574,-73.570323
0101000020E6100000E751F17F476452C0128942CBBAC94640,731,RD-TT,Réel,45.576013,-73.566864
0101000020E61000001F65C405A06652C0003961C268C44640,732,RD-TT,Réel,45.534447,-73.603517
0101000020E61000002B508BC1C36252C0F2B22616F8C44640,733,RD-TT,Réel,45.538821,-73.543198
0101000020E610000017B6662B2F6352C0AD86C43D96C64640,734,RD-TT,Réel,45.55146,-73.549754
0101000020E6100000C2FBAA5CA86252C09337C0CC77C64640,735,RD-TT,Archive,45.550531,-73.541526
0101000020E61000000725CCB4FD6752C0C190D5AD9EBD4640,736,RD-TT,Réel,45.481405,-73.62486
0101000020E6100000B0027CB7796452C0DCD440F339C94640,737,RD-TT,Réel,45.572081,-73.569929
0101000020E6100000B709F7CABC6052C0F25D4A5D32CE4640,738,RD-TT,Enlevé,45.610912,-73.511523
0101000020E6100000D769A4A5F26352C0FB1EF5D72BC64640,739,RD-TT,Réel,45.548213,-73.561685
0101000020E6100000AA454431796252C0340F60915FC74640,740,RD-TT,Réel,45.557604,-73.538647
0101000020E6100000DF3653211E6552C0EECEDA6D17C64640,741,RD-TT,Réel,45.54759,-73.579964
0101000020E61000005EBA490C026652C098689082A7C24640,742,RD-TT,Réel,45.520737,-73.593875
0101000020E61000004AED45B41D6152C071C79BFC16CD4640,743,RD-TT,Enlevé,45.602264,-73.517438
0101000020E6100000FEEF880AD56852C0B8E7F9D346C94640,744,RD-TT,Réel,45.572474,-73.638003
